male_geno,gene,recep,number
hom_mut,nc110,y,11
hom_mut,nc110,n,25
het,nc110,y,6
het,nc110,n,33
hom_wt,nc110,y,11
hom_wt,nc110,n,27
hom_mut,nc123,y,8
hom_mut,nc123,n,32
het,nc123,y,6
het,nc123,n,32
hom_wt,nc123,y,7
hom_wt,nc123,n,30
hom_mut,nc141,y,11
hom_mut,nc141,n,30
het,nc141,y,5
het,nc141,n,37
hom_wt,nc141,y,11
hom_wt,nc141,n,27
hom_mut,nc126,y,5
hom_mut,nc126,n,31
het,nc126,y,1
het,nc126,n,41
hom_wt,nc126,y,4
hom_wt,nc126,n,33
hom_mut,nc182,y,4
hom_mut,nc182,n,33
het,nc182,y,8
het,nc182,n,34
hom_wt,nc182,y,8
hom_wt,nc182,n,31
